Current MS Compounds,QC(I)#1,QC(I)#2,QC(I)#3,QC(I)#4,QC(I)#5,QC(I)#6,QC(I)#7,QC(I)#8,QC(S)#1,QC(S)#2,QC(S)#3,QC(S)#4,QC(S)#5,QC(S)#6,QC(S)#7,QC(S)#8
Trimethylamine (TMA),N/A,N/A,N/A,N/A,N/A,N/A,N/A,N/A,N/A,N/A,N/A,N/A,N/A,N/A,N/A,N/A
Ethanolamine,138730,127893,135949,122222,126810,123237,133714,118588,43874,35086,37255,34526,35650,40891,41992,35730
Aminoacetone,N/A,N/A,N/A,N/A,N/A,N/A,N/A,N/A,N/A,N/A,N/A,N/A,N/A,N/A,N/A,N/A
1-Methylguanidine,N/A,N/A,N/A,N/A,N/A,N/A,N/A,N/A,N/A,N/A,N/A,N/A,N/A,N/A,N/A,N/A
Glycine,607392,626828,651367,588836,596183,578611,559467,553867,110193,102328,110750,89096,83501,101269,104224,100692
Trimethylamine-N-Oxide (TMAO),969091,957084,993970,933547,1050764,1014229,1045661,1040299,N/A,N/A,N/A,N/A,N/A,N/A,N/A,N/A
Putrescine,N/A,N/A,N/A,N/A,N/A,N/A,N/A,N/A,108558,101618,101033,109154,103766,108307,102679,102897
betaAlanine,143118,140117,154356,145043,136551,120272,120123,134616,10064632,10293499,10227904,9521344,9653168,9543850,9411819,9164535
Alanine,8185411,8330048,8272213,7885443,8015970,7684320,7784936,7568038,3226772,3252330,3205692,3077064,3018896,3047771,3037750,2967976
Sarcosine,41889,41952,34879,36518,32018,34733,31278,39035,53473,55028,57046,56275,57226,60116,56531,58517
Betaine Aldehyde,N/A,N/A,N/A,N/A,N/A,N/A,N/A,N/A,N/A,N/A,N/A,N/A,N/A,N/A,N/A,N/A
Cadaverine,N/A,N/A,N/A,N/A,N/A,N/A,N/A,N/A,N/A,N/A,N/A,N/A,N/A,N/A,N/A,N/A
3-Aminoisobutyrate,45625,44597,46918,43831,41361,41091,42786,41528,56987,56766,60109,47672,49367,45196,44136,47188
Choline,57517949,56331251,56678483,50944262,50426492,50235497,49852313,48057634,23153501,23340633,22321856,23741245,23233129,22717666,22767889,22373124
Dimethylglycine,184112,197506,186816,189804,168535,175283,184553,171719,N/A,N/A,N/A,N/A,N/A,N/A,N/A,N/A
L-2-Aminobutyric Acid,N/A,N/A,N/A,N/A,N/A,N/A,N/A,N/A,8586,8761,9668,9702,10116,9010,9757,10322
2-Aminoisobutyric Acid,N/A,N/A,N/A,N/A,N/A,N/A,N/A,N/A,2406453,2489439,2352512,2193392,2108110,2178587,2048475,2069913
Serine,9281734,9517312,9008773,8925512,8585352,8904933,9026732,8909771,5898173,5906240,6064467,5803629,5735930,5756528,5634587,5576658
Hypotaurine,95224,86862,95375,96412,87469,85024,93780,81843,N/A,N/A,N/A,N/A,N/A,N/A,N/A,N/A
Cytosine,N/A,N/A,N/A,N/A,N/A,N/A,N/A,N/A,N/A,N/A,N/A,N/A,N/A,N/A,N/A,N/A
Histamine,N/A,N/A,N/A,N/A,N/A,N/A,N/A,N/A,9931779,9711723,9861797,8696544,8510154,8096525,8175877,8128401
Creatinine,13238778,13458943,13505078,12147927,11902167,12015689,12164299,12022339,N/A,N/A,N/A,N/A,N/A,N/A,N/A,N/A
"5,6-Dihydrouracil",1251057,1357958,1316263,1188245,1241654,1275979,1212925,1211138,240285,223194,247040,225137,221703,211995,231979,242141
Proline,9962842,10118784,9910699,8728570,8749132,8899808,8892383,8839339,60811087,61071340,60838392,54495035,55670787,55080425,54251123,55432411
5-Aminovaleric Acid,136676,139153,140931,140310,104905,117802,123544,117856,N/A,N/A,N/A,N/A,N/A,N/A,N/A,N/A
Betaine,81888971,82620409,81234741,88187835,89521073,89505877,88466451,87428419,36741012,36660404,34510208,33412266,35340009,37339262,34594015,36144689
Valine,6069684,6182881,5759335,5973821,5769980,5902143,5742493,5760112,959578,975836,914766,878933,846909,882530,868369,861576
Indole,8794,7458,8676,8872,7893,7168,7344,8338,N/A,N/A,N/A,N/A,N/A,N/A,N/A,N/A
Threonine,8954561,8955556,9055013,8419255,8625332,8250039,8452192,8317066,1601094,1544400,1580004,1410229,1463924,1455624,1447358,1440392
Cysteine,N/A,N/A,N/A,N/A,N/A,N/A,N/A,N/A,N/A,N/A,N/A,N/A,N/A,N/A,N/A,N/A
Niacinamide,147543,140474,133035,146058,129534,136725,142442,142120,539676,512815,526615,485383,479501,463473,492415,473181
Taurine,3762396,3841420,3646664,3264498,3548992,3310434,3246114,3223577,14537954,14453699,14348644,13927548,13638006,13431533,13500929,12822653
1-Methylhistamine,N/A,N/A,N/A,N/A,N/A,N/A,N/A,N/A,N/A,N/A,N/A,N/A,N/A,N/A,N/A,N/A
Imidazoleacetic Acid,N/A,N/A,N/A,N/A,N/A,N/A,N/A,N/A,49450,53972,47652,49560,46579,47350,50039,47593
"5,6-Dihydrothymine",N/A,N/A,N/A,N/A,N/A,N/A,N/A,N/A,N/A,N/A,N/A,N/A,N/A,N/A,N/A,N/A
Pyroglutamic Acid,3985321,3616925,4035230,3930519,3789937,3778821,3843901,4074406,561180,648585,677944,659777,635333,591267,657767,616454
Pipecolate,770644,806326,818999,787830,799628,818242,782070,729427,210593,205249,200506,213401,241720,245846,230813,210347
Agmatine,67157,67682,63052,72139,73417,72666,69572,73587,152647,136809,152754,144573,166658,158366,141956,155054
N-Acetylputrescine,N/A,N/A,N/A,N/A,N/A,N/A,N/A,N/A,N/A,N/A,N/A,N/A,N/A,N/A,N/A,N/A
Creatine,18474116,17138133,17305806,17238376,17046380,16814621,17302064,16659373,389498,342209,304529,236720,202411,196520,166182,113846
Hydroxyproline,2465861,2310543,2321551,2238888,2035076,2131702,2127615,2077867,384645,376517,354497,327475,341188,355487,329725,325316
Aminolevulinate,536622,475705,488066,512570,527846,518661,507058,520996,N/A,N/A,N/A,N/A,N/A,N/A,N/A,N/A
Leucine /D-Norleucine,24106681,25533025,25558358,20175974,20675259,19821581,20785683,20327726,1745317,1808741,1811005,1494737,1533969,1520970,1479662,1464171
iso-Leucine /allo-isoLeucine,6362817,6503405,6226100,5384969,5292258,5430988,5345641,5350004,602030,625642,608516,534163,508258,502007,575897,522324
Ornithine,12343827,12660192,12785713,11664487,11930407,11810122,11529647,11394899,817036,882079,830735,809111,824629,834207,803500,858347
Asparagine,2025747,1930868,2127570,1904703,1845818,1901305,1867230,1855765,1691711,1741803,1768332,1684499,1602968,1619301,1671539,1640608
Aspartic Acid,2331338,2283187,2374563,2224507,2457770,2473961,2600434,2783359,3427148,3561122,3731551,3470118,3671621,3636548,3602681,3655414
Homocysteine,N/A,N/A,N/A,N/A,N/A,N/A,N/A,N/A,N/A,N/A,N/A,N/A,N/A,N/A,N/A,N/A
S-Methylcysteine,298005,299693,275654,278377,253672,262096,250924,248433,391353,399435,399412,360856,356637,336041,357732,383887
1-Methylnicotinamide,N/A,N/A,N/A,N/A,N/A,N/A,N/A,N/A,N/A,N/A,N/A,N/A,N/A,N/A,N/A,N/A
Tyramine,N/A,N/A,N/A,N/A,N/A,N/A,N/A,N/A,N/A,N/A,N/A,N/A,N/A,N/A,N/A,N/A
4-Aminobenzoic Acid,N/A,N/A,N/A,N/A,N/A,N/A,N/A,N/A,26699,26981,24198,27110,24315,25341,25831,27924
Trigonelline,5665411,5354017,5294929,4982693,4938187,5114488,5059886,4906026,281242,249710,214877,229754,239151,239141,248646,210570
1-Methylimidazole Acetate,N/A,N/A,N/A,N/A,N/A,N/A,N/A,N/A,N/A,N/A,N/A,N/A,N/A,N/A,N/A,N/A
Imidazole Propionate,N/A,N/A,N/A,N/A,N/A,N/A,N/A,N/A,N/A,N/A,N/A,N/A,N/A,N/A,N/A,N/A
Spermidine,N/A,N/A,N/A,N/A,N/A,N/A,N/A,N/A,3181537,3225017,3296689,2895159,3183521,3229044,3251067,3177070
4-Guanidinobutanoate,12945485,13523836,13314110,13411047,13831683,13478248,13513394,13781778,5090403,5199193,5098592,5926356,6101690,6601982,5834610,5913043
Acetylcholine,N/A,N/A,N/A,N/A,N/A,N/A,N/A,N/A,61298392,60294033,59110583,65334231,64506171,64046106,63591958,63830334
Glutamine,44705176,43867594,44668783,41198622,41391803,41237074,41201504,40463300,74445400,73547421,75506743,69413829,71180894,70586575,67683595,67551841
Lysine,37365976,38576128,38202659,34928895,35839833,35117000,36663444,35654763,38919816,41229329,40191080,38549992,38742510,37847029,38825206,37196489
Deoxycarnitine,418444,440476,424954,402602,398288,386891,384069,419361,96471,87667,86973,105775,94499,106798,105161,98824
Glutamic acid,39051903,39555720,39661157,38023353,37419965,37737364,38332459,37895893,33277398,33260887,31079107,31728902,31682111,32272931,31070351,30911941
Methionine,1004090,1009192,1027130,834522,853408,894845,889918,835913,356019,332744,342598,316046,331352,301671,315157,293242
Guanine,N/A,N/A,N/A,N/A,N/A,N/A,N/A,N/A,1655008,1557736,1561376,1411991,1428811,1429820,1338643,1417114
Cystamine,N/A,N/A,N/A,N/A,N/A,N/A,N/A,N/A,N/A,N/A,N/A,N/A,N/A,N/A,N/A,N/A
Histidine,48394231,49501061,49976073,44600352,45157476,46063936,46559826,45111916,250460506,254285124,247478963,245141879,246766920,246266249,249574097,246557854
Serotonin,N/A,N/A,N/A,N/A,N/A,N/A,N/A,N/A,N/A,N/A,N/A,N/A,N/A,N/A,N/A,N/A
Tryptamine,N/A,N/A,N/A,N/A,N/A,N/A,N/A,N/A,N/A,N/A,N/A,N/A,N/A,N/A,N/A,N/A
Carnitine,52455251,52493576,50191139,47366409,48521098,47251619,48966453,47292523,24391482,24475930,24197690,24783139,24776600,24139092,25248200,24991387
Phenylalanine,49220756,48623509,50332867,40826921,40677625,40267407,39813541,40058935,2201077,2362264,2346494,1944083,1949197,1874797,1811487,1857705
Methionine Sulfoxide,1097963,1075955,1163499,1027386,1071266,1070590,970718,1063186,32074386,31781215,32243464,30041539,29620698,29912326,29657448,28450255
7-Methylguanine,173392,174976,169604,161433,148155,150914,156837,150471,94887,106352,91304,94623,86269,88795,93602,91318
Normetanephrine,N/A,N/A,N/A,N/A,N/A,N/A,N/A,N/A,N/A,N/A,N/A,N/A,N/A,N/A,N/A,N/A
Taurocyamine,57624,49058,63573,49697,57775,45527,55373,47608,147479,149319,181767,155811,141951,138422,162414,133067
Pyridoxamine,662899,681266,673381,605788,641868,773507,646836,826658,172822,120125,180302,186852,182630,144315,157646,209104
1/3-Methylhistidine,4865332,4724754,4793863,4416835,4580172,4581665,4845561,4726016,854961,889457,805493,763675,860287,942993,944691,944538
Norepinephrine,N/A,N/A,N/A,N/A,N/A,N/A,N/A,N/A,N/A,N/A,N/A,N/A,N/A,N/A,N/A,N/A
n-Glycylproline,N/A,N/A,N/A,N/A,N/A,N/A,N/A,N/A,70968,73326,84069,89471,88230,64752,66098,77975
Arginine,56970525,59321875,57906891,56150730,56380231,58052622,56447513,57000803,126084060,131846719,127968338,120616513,118468765,118532572,124973380,126776808
N-Acetylornithine,N/A,N/A,N/A,N/A,N/A,N/A,N/A,N/A,N/A,N/A,N/A,N/A,N/A,N/A,N/A,N/A
Cotinine,261631,271257,274770,229339,236542,235153,230965,235911,N/A,N/A,N/A,N/A,N/A,N/A,N/A,N/A
Cysteinyl-Glycine (Cys-Gly),N/A,N/A,N/A,N/A,N/A,N/A,N/A,N/A,41411,42928,42749,47526,53609,51360,47416,51241
Gluconolactone,N/A,N/A,N/A,N/A,N/A,N/A,N/A,N/A,N/A,N/A,N/A,N/A,N/A,N/A,N/A,N/A
Glucosamine,N/A,N/A,N/A,N/A,N/A,N/A,N/A,N/A,N/A,N/A,N/A,N/A,N/A,N/A,N/A,N/A
Theobromine,143360,134684,133022,122168,130416,147756,144115,130351,N/A,N/A,N/A,N/A,N/A,N/A,N/A,N/A
"1,7-Dimethylxanthine",1481361,1550036,1546928,1553110,1553750,1555044,1506440,1511403,N/A,N/A,N/A,N/A,N/A,N/A,N/A,N/A
Tyrosine,2186852,2153915,2240213,1913470,1713659,1861432,1798036,1830305,3542851,3512716,3562851,3262255,3290636,3112244,3132910,3360742
Epinephrine,N/A,N/A,N/A,N/A,N/A,N/A,N/A,N/A,N/A,N/A,N/A,N/A,N/A,N/A,N/A,N/A
Se-Methylselenocysteine,N/A,N/A,N/A,N/A,N/A,N/A,N/A,N/A,N/A,N/A,N/A,N/A,N/A,N/A,N/A,N/A
Phosphorylcholine,N/A,N/A,N/A,N/A,N/A,N/A,N/A,N/A,3176233,3177487,3114653,3183934,3328772,3363380,3271637,3259447
N6-Acetyl-Lysine,221134,217365,188687,189958,167419,181476,170559,176414,186513,171730,154051,150254,143959,139710,132198,147813
Homoarginine,862496,854974,864327,826983,847322,908969,836934,849725,181527,200356,200577,174657,162332,167242,162541,170760
N6-Trimethyllysine,3264830,3486793,3249933,3109364,3342400,3224835,3468983,3411753,4485671,4019712,4113363,4358357,4237315,4517205,4376306,4864418
Homocitrulline,188172,193010,156034,160977,188309,159293,145618,180462,41061,45265,52891,43295,47972,45068,38481,39123
Caffeine,3729217,3733512,3858368,3495914,3609084,3590532,3484459,3516975,N/A,N/A,N/A,N/A,N/A,N/A,N/A,N/A
Salicylurate,105967,104400,99931,111291,102147,97889,103420,100651,N/A,N/A,N/A,N/A,N/A,N/A,N/A,N/A
DL DOPA,N/A,N/A,N/A,N/A,N/A,N/A,N/A,N/A,44338,51820,57559,51641,60128,63532,52647,56566
Selenomethionine,N/A,N/A,N/A,N/A,N/A,N/A,N/A,N/A,N/A,N/A,N/A,N/A,N/A,N/A,N/A,N/A
Dimethylarginine (A/SDMA),8453375,8446490,7969347,7671845,7200858,7959422,7246205,7225771,1773895,1618870,1485532,1648281,1561873,1558077,1583419,1605761
Spermine,N/A,N/A,N/A,N/A,N/A,N/A,N/A,N/A,N/A,N/A,N/A,N/A,N/A,N/A,N/A,N/A
3-Indolebutyric Acid,N/A,N/A,N/A,N/A,N/A,N/A,N/A,N/A,N/A,N/A,N/A,N/A,N/A,N/A,N/A,N/A
Acetylcarnitine,29698158,29091552,27407320,29596621,27051785,29196094,30338458,27664913,37668283,37090099,35800332,35154052,35620880,33849155,32094909,33096135
Tryptophan,11217025,11220493,11344271,9497065,9317490,9584472,9481785,9112502,2987526,3015804,2969679,2573465,2490592,2606394,2452237,2526017
L-Kynurenine,146519,148523,149182,115791,132328,124539,126654,127660,2791152,2822106,2807819,2454980,2344763,2311257,2354392,2307380
Phosphocreatine,N/A,N/A,N/A,N/A,N/A,N/A,N/A,N/A,N/A,N/A,N/A,N/A,N/A,N/A,N/A,N/A
N-Ac-Arginine,128107,113783,126040,114149,120751,118754,110665,110844,3750412,3934892,3599719,3659758,3340177,3527578,3396315,3424886
Carnosine,N/A,N/A,N/A,N/A,N/A,N/A,N/A,N/A,N/A,N/A,N/A,N/A,N/A,N/A,N/A,N/A
2'-Deoxycytidine,N/A,N/A,N/A,N/A,N/A,N/A,N/A,N/A,N/A,N/A,N/A,N/A,N/A,N/A,N/A,N/A
2'-Deoxyuridine,N/A,N/A,N/A,N/A,N/A,N/A,N/A,N/A,N/A,N/A,N/A,N/A,N/A,N/A,N/A,N/A
Biopterin,N/A,N/A,N/A,N/A,N/A,N/A,N/A,N/A,8902732,9148141,9186907,8060526,7954748,7958029,8002349,7972882
Anserine,N/A,N/A,N/A,N/A,N/A,N/A,N/A,N/A,N/A,N/A,N/A,N/A,N/A,N/A,N/A,N/A
Cystine,301826,331198,359431,306027,320217,306950,319473,317689,N/A,N/A,N/A,N/A,N/A,N/A,N/A,N/A
Cytidine,N/A,N/A,N/A,N/A,N/A,N/A,N/A,N/A,98904,80015,98078,77943,78208,91770,86294,81159
Uridine,728788,723513,723386,680145,681764,680073,692478,691570,108758,106240,103615,94064,99358,98618,100587,100756
isoValerylcarnitine,2523052,2337664,2374473,2851648,2891864,2672132,2694722,2643639,366245,303409,300526,395982,384132,339120,348519,354309
Neopterin,N/A,N/A,N/A,N/A,N/A,N/A,N/A,N/A,N/A,N/A,N/A,N/A,N/A,N/A,N/A,N/A
Glycerophosphocholine,27536135,26798972,26479123,27437690,25040879,25909641,27472380,23890215,26305536,27736138,26888283,25023703,26031318,25522681,26028970,25779641
5-Methylcytidine,N/A,N/A,N/A,N/A,N/A,N/A,N/A,N/A,N/A,N/A,N/A,N/A,N/A,N/A,N/A,N/A
Phosphotyrosine,N/A,N/A,N/A,N/A,N/A,N/A,N/A,N/A,1522837,1627176,1590026,1544292,1568832,1617060,1594418,1692627
Succinylcarnitine,195149,200318,174565,252397,260768,318649,274555,263124,82224,82044,98743,81099,79208,98015,88749,84073
Thiamine,156114,143371,113176,135065,148994,140557,147531,156472,2547246,2210840,2358927,2453149,2506041,2483491,2378008,2471246
"2,3-Diphosphoglyceric Acid",N/A,N/A,N/A,N/A,N/A,N/A,N/A,N/A,N/A,N/A,N/A,N/A,N/A,N/A,N/A,N/A
Deoxyguanosine,N/A,N/A,N/A,N/A,N/A,N/A,N/A,N/A,1561374,1550527,1469308,1376797,1390391,1299400,1398374,1392889
Adenosine,N/A,N/A,N/A,N/A,N/A,N/A,N/A,N/A,227197,245161,231804,202345,216697,210372,207633,199943
Inosine,969888,974692,924284,823122,776390,834278,821604,826241,761590,767177,770896,720336,696765,680332,686762,686495
Glutarylcarnitine,730962,805464,730721,799769,798440,723043,798041,677093,N/A,N/A,N/A,N/A,N/A,N/A,N/A,N/A
1-Methyladenosine,255664,307872,208842,186514,250949,260285,211961,186387,15990705,14607908,13242843,12712228,10658918,10761879,9609524,9396040
6-Methyladenosine,N/A,N/A,N/A,N/A,N/A,N/A,N/A,N/A,430189,413631,419138,359769,365282,364249,350346,368278
Guanosine,24037,28551,34224,23732,23846,19720,24268,32143,4122716,4208510,4185255,3882471,3602682,3759798,3532210,3639889
Retinal,9827,10231,9370,8793,10040,9525,10578,9731,N/A,N/A,N/A,N/A,N/A,N/A,N/A,N/A
Retinol,N/A,N/A,N/A,N/A,N/A,N/A,N/A,N/A,N/A,N/A,N/A,N/A,N/A,N/A,N/A,N/A
Argininosuccinate,N/A,N/A,N/A,N/A,N/A,N/A,N/A,N/A,176032,200999,213086,213625,198180,199346,186126,197141
5'-Methylthioadenosine,N/A,N/A,N/A,N/A,N/A,N/A,N/A,N/A,1407789,1421628,1388363,1233472,1203350,1205940,1181347,1188733
"N2,N2-Dimethylguanosine",179495,187823,177369,174338,171943,167795,166654,169115,58323,51782,48755,50846,56739,51648,52135,45335
UMP,N/A,N/A,N/A,N/A,N/A,N/A,N/A,N/A,858803,839960,864636,823793,897242,847350,981915,851295
cAMP,N/A,N/A,N/A,N/A,N/A,N/A,N/A,N/A,55655,41361,31153,31564,29240,29842,37334,42339
GMP,N/A,N/A,N/A,N/A,N/A,N/A,N/A,N/A,135842,147813,149476,145138,151802,149604,142509,147001
Riboflavin,25169,22464,27552,22655,19099,18227,18546,26125,710889,721843,692393,644648,652721,648411,645411,632742
SAH,42811,46681,51612,38436,36812,26546,28911,35695,60191,68228,63877,37076,50329,45866,62961,56319
Cholecalciferol,44853,47766,44954,46259,43631,41343,40626,41212,N/A,N/A,N/A,N/A,N/A,N/A,N/A,N/A
Ergocalciferol,N/A,N/A,N/A,N/A,N/A,N/A,N/A,N/A,N/A,N/A,N/A,N/A,N/A,N/A,N/A,N/A
S-Adenosylmethionine (SAM),N/A,N/A,N/A,N/A,N/A,N/A,N/A,N/A,491819,458833,481607,486079,450803,443512,499790,545476
CDP,N/A,N/A,N/A,N/A,N/A,N/A,N/A,N/A,N/A,N/A,N/A,N/A,N/A,N/A,N/A,N/A
Thiamine pyrophosphate,N/A,N/A,N/A,N/A,N/A,N/A,N/A,N/A,N/A,N/A,N/A,N/A,N/A,N/A,N/A,N/A
Folic Acid,N/A,N/A,N/A,N/A,N/A,N/A,N/A,N/A,N/A,N/A,N/A,N/A,N/A,N/A,N/A,N/A
Vitamin K1,N/A,N/A,N/A,N/A,N/A,N/A,N/A,N/A,N/A,N/A,N/A,N/A,N/A,N/A,N/A,N/A
Biliverdin,N/A,N/A,N/A,N/A,N/A,N/A,N/A,N/A,N/A,N/A,N/A,N/A,N/A,N/A,N/A,N/A
NAD,N/A,N/A,N/A,N/A,N/A,N/A,N/A,N/A,12774127,12563505,12989419,13073837,12462645,13090571,12921623,12222739
Methylcobalamin,N/A,N/A,N/A,N/A,N/A,N/A,N/A,N/A,N/A,N/A,N/A,N/A,N/A,N/A,N/A,N/A
Cyanocobalamin (Vitamin B12),N/A,N/A,N/A,N/A,N/A,N/A,N/A,N/A,N/A,N/A,N/A,N/A,N/A,N/A,N/A,N/A
NADPH,N/A,N/A,N/A,N/A,N/A,N/A,N/A,N/A,N/A,N/A,N/A,N/A,N/A,N/A,N/A,N/A
Thyroxine,N/A,N/A,N/A,N/A,N/A,N/A,N/A,N/A,N/A,N/A,N/A,N/A,N/A,N/A,N/A,N/A
FAD,30692,36689,41038,39067,24582,34693,28290,31636,441031,357545,405796,360748,337094,361150,390800,385901
Adenosylcobalamin,N/A,N/A,N/A,N/A,N/A,N/A,N/A,N/A,N/A,N/A,N/A,N/A,N/A,N/A,N/A,N/A
Ubiquinol,N/A,N/A,N/A,N/A,N/A,N/A,N/A,N/A,N/A,N/A,N/A,N/A,N/A,N/A,N/A,N/A
Malondialdehyde,39794,39125,38181,40819,40771,38995,41484,37513,N/A,N/A,N/A,N/A,N/A,N/A,N/A,N/A
Glycolic acid,11047,13124,11642,10099,10369,11589,9228,9327,N/A,N/A,N/A,N/A,N/A,N/A,N/A,N/A
Pyruvate,61058,67895,66138,55668,53153,53302,47183,59441,29192,26166,26283,27463,24301,25227,29776,26423
Lactate,124727621,125561513,125054476,119098083,121662967,124080783,123462103,122587560,777026,792191,720538,740703,706354,733623,797845,771216
Glyceraldehyde,367752,344060,369476,326679,349982,328462,333886,330650,N/A,N/A,N/A,N/A,N/A,N/A,N/A,N/A
3-Hydroxypropionic Acid,N/A,N/A,N/A,N/A,N/A,N/A,N/A,N/A,1479152,1555612,1521516,1238384,1279293,1286421,1305612,1290104
isoValeric Acid /3-Oxobutanoic Acid/4-Oxobutanoic Acid,N/A,N/A,N/A,N/A,N/A,N/A,N/A,N/A,N/A,N/A,N/A,N/A,N/A,N/A,N/A,N/A
2-Oxobutyrate,N/A,N/A,N/A,N/A,N/A,N/A,N/A,N/A,N/A,N/A,N/A,N/A,N/A,N/A,N/A,N/A
gamma-Aminobutyrate,109681,102001,103282,85587,64334,69308,78340,73904,83533,72895,78799,61741,63709,62193,60414,62429
Malonic Acid,N/A,N/A,N/A,N/A,N/A,N/A,N/A,N/A,N/A,N/A,N/A,N/A,N/A,N/A,N/A,N/A
3HBA,9728857,9829789,9582171,8290180,8435091,8524242,8353357,8551483,97142,100247,109087,95381,111611,106330,97825,98600
2-Hydroxyisobutyrate/2-Hydroxybutyrate,8795489,8620043,8687815,7501550,7337384,7200960,7622594,7325944,N/A,N/A,N/A,N/A,N/A,N/A,N/A,N/A
Glycerate,1899018,1826677,1807360,1535987,1543665,1631569,1636831,1642485,203865,208028,197201,190240,172065,181194,180394,164512
Uracil,136026,136299,129824,108765,109330,112153,118999,127265,39700,43365,40093,44858,40232,36555,38277,38981
Fumaric Acid,N/A,N/A,N/A,N/A,N/A,N/A,N/A,N/A,N/A,N/A,N/A,N/A,N/A,N/A,N/A,N/A
Maleic Acid,145603,138248,141885,126085,129365,117559,127450,120013,101615,91102,109844,75961,80052,90699,78099,81749
N-AcetylGlycine,200023,194432,178119,172561,177076,193283,178470,171850,26745,26134,25112,24012,20576,22546,20082,20678
Guanidinoacetate,85226,85004,86575,75485,84018,73850,74824,73987,N/A,N/A,N/A,N/A,N/A,N/A,N/A,N/A
2-Hydroxyisovaleric Acid,N/A,N/A,N/A,N/A,N/A,N/A,N/A,N/A,N/A,N/A,N/A,N/A,N/A,N/A,N/A,N/A
Succinate,3820311,3875751,3778805,3024214,3019386,2999127,2940881,3011289,11610593,11446506,11265456,9098175,9021265,9128428,9173825,9199528
Methylmalonate,132050,129960,126592,118930,107369,121838,111793,110026,N/A,N/A,N/A,N/A,N/A,N/A,N/A,N/A
3-Hydroxyisovaleric Acid,1290445,1183279,1268847,1140232,1033411,1108846,1106325,1209974,205134,189809,211033,186625,209333,194947,193881,192179
Erythrose,N/A,N/A,N/A,N/A,N/A,N/A,N/A,N/A,N/A,N/A,N/A,N/A,N/A,N/A,N/A,N/A
Threitol,172971,174487,164449,165874,168868,177240,175954,165699,N/A,N/A,N/A,N/A,N/A,N/A,N/A,N/A
Nicotinic Acid,N/A,N/A,N/A,N/A,N/A,N/A,N/A,N/A,N/A,N/A,N/A,N/A,N/A,N/A,N/A,N/A
Picolinic Acid,N/A,N/A,N/A,N/A,N/A,N/A,N/A,N/A,N/A,N/A,N/A,N/A,N/A,N/A,N/A,N/A
Thymine,N/A,N/A,N/A,N/A,N/A,N/A,N/A,N/A,N/A,N/A,N/A,N/A,N/A,N/A,N/A,N/A
Citraconic Acid,299967,330336,318551,256414,258424,261846,261093,269708,101379,107761,130718,127956,118967,126534,138236,129912
2-oxo-Isocaproic Acid,N/A,N/A,N/A,N/A,N/A,N/A,N/A,N/A,N/A,N/A,N/A,N/A,N/A,N/A,N/A,N/A
Itaconic Acid,185598,155999,175230,146933,147979,136883,133019,169525,173347,163118,165107,184913,164156,135701,150253,128497
N-Ac-Alanine,1092910,1078651,1069296,920125,944644,936877,916661,944210,30425,31023,28153,29189,23461,21671,24021,28212
MethylSuccinate,N/A,N/A,N/A,N/A,N/A,N/A,N/A,N/A,N/A,N/A,N/A,N/A,N/A,N/A,N/A,N/A
D-Leucic Acid,1656991,1554266,1615746,1123298,1023566,1177324,1169967,1193731,N/A,N/A,N/A,N/A,N/A,N/A,N/A,N/A
Glutaric Acid,57526,60530,58283,52776,51782,55322,57341,50909,51382,48792,47616,48421,43277,44708,43514,46879
Oxalacetate,153625,164630,197591,168033,148373,156677,158841,155527,N/A,N/A,N/A,N/A,N/A,N/A,N/A,N/A
Ethylmalonic acid,N/A,N/A,N/A,N/A,N/A,N/A,N/A,N/A,N/A,N/A,N/A,N/A,N/A,N/A,N/A,N/A
N-Carbamoyl-B-Alanine,4576,4907,5147,5019,3921,4984,6349,4958,9020,9062,8974,7939,8972,8715,8704,9735
Malate,N/A,N/A,N/A,N/A,N/A,N/A,N/A,N/A,N/A,N/A,N/A,N/A,N/A,N/A,N/A,N/A
Adenine,69331,74058,77397,66821,66151,65702,70814,70751,495152,539591,515578,438849,429068,469269,452719,448873
Allopurinol,N/A,N/A,N/A,N/A,N/A,N/A,N/A,N/A,N/A,N/A,N/A,N/A,N/A,N/A,N/A,N/A
Hypoxanthine,60571567,60084262,59492857,55428902,54403455,54070985,53409230,54626563,119140,113830,120053,109067,101910,103413,108469,103251
Phenylacetic Acid,46273,39623,44926,44972,36619,42400,38827,45085,31719,29395,29809,25934,27427,31520,30956,33456
Erythronic/Threonic Acid,N/A,N/A,N/A,N/A,N/A,N/A,N/A,N/A,N/A,N/A,N/A,N/A,N/A,N/A,N/A,N/A
Anthranilic Acid,79273,86697,78082,83226,80699,89961,72014,83433,3976941,3988603,4166230,3013514,3096730,3027319,3029378,3130276
4-Hydroxybenzoic Acid,7689352,7731965,7724676,7213837,7154509,6826999,7099603,7120654,N/A,N/A,N/A,N/A,N/A,N/A,N/A,N/A
Acetylphosphate,N/A,N/A,N/A,N/A,N/A,N/A,N/A,N/A,N/A,N/A,N/A,N/A,N/A,N/A,N/A,N/A
o-Phosphoethanolamine,N/A,N/A,N/A,N/A,N/A,N/A,N/A,N/A,19140446,19438631,19312147,19061828,19333469,19221838,19130717,18517285
n-isoButyrylglycine,N/A,N/A,N/A,N/A,N/A,N/A,N/A,N/A,N/A,N/A,N/A,N/A,N/A,N/A,N/A,N/A
Adipic Acid / 3-Methylglutaric Acid,N/A,N/A,N/A,N/A,N/A,N/A,N/A,N/A,N/A,N/A,N/A,N/A,N/A,N/A,N/A,N/A
Alpha-Ketoglutaric Acid,888473,872091,756281,629853,641244,620728,616070,635906,1964514,1982195,1937851,1419247,1410719,1419634,1496428,1494379
2-Methylglutaric Acid,N/A,N/A,N/A,N/A,N/A,N/A,N/A,N/A,N/A,N/A,N/A,N/A,N/A,N/A,N/A,N/A
Mevalonate,N/A,N/A,N/A,N/A,N/A,N/A,N/A,N/A,N/A,N/A,N/A,N/A,N/A,N/A,N/A,N/A
2-Hydroxyglutarate,740203,758709,607239,520367,526931,484255,447348,437078,947157,957349,797798,744707,709917,712623,683995,625491
Citramalic Acid,N/A,N/A,N/A,N/A,N/A,N/A,N/A,N/A,N/A,N/A,N/A,N/A,N/A,N/A,N/A,N/A
L-Tartaric Acid,N/A,N/A,N/A,N/A,N/A,N/A,N/A,N/A,N/A,N/A,N/A,N/A,N/A,N/A,N/A,N/A
Xylose,N/A,N/A,N/A,N/A,N/A,N/A,N/A,N/A,N/A,N/A,N/A,N/A,N/A,N/A,N/A,N/A
alpha-Ketophenylacetic Acid,N/A,N/A,N/A,N/A,N/A,N/A,N/A,N/A,N/A,N/A,N/A,N/A,N/A,N/A,N/A,N/A
Hydrocinnamic Acid,N/A,N/A,N/A,N/A,N/A,N/A,N/A,N/A,N/A,N/A,N/A,N/A,N/A,N/A,N/A,N/A
Oxypurinol,325702,318073,316821,245273,226219,270703,259830,268930,N/A,N/A,N/A,N/A,N/A,N/A,N/A,N/A
Xanthine,3383391,3330805,3391176,2754013,2771744,2800884,2816183,2782785,573956,554595,558321,470519,457835,450439,461097,455340
2-Hydroxyphenylacetate,90096,95156,96842,87203,95071,87827,95230,88613,N/A,N/A,N/A,N/A,N/A,N/A,N/A,N/A
L-Mandelic Acid,N/A,N/A,N/A,N/A,N/A,N/A,N/A,N/A,N/A,N/A,N/A,N/A,N/A,N/A,N/A,N/A
Arabitol/Xylitol,198172,202221,203325,189439,207964,186543,190638,189119,331690,348974,345188,360139,365867,356401,361527,342313
3/4-Hydroxyphenylacetic Acid,N/A,N/A,N/A,N/A,N/A,N/A,N/A,N/A,N/A,N/A,N/A,N/A,N/A,N/A,N/A,N/A
3-Hydroxyanthranilic Acid,N/A,N/A,N/A,N/A,N/A,N/A,N/A,N/A,N/A,N/A,N/A,N/A,N/A,N/A,N/A,N/A
Dopamine,N/A,N/A,N/A,N/A,N/A,N/A,N/A,N/A,N/A,N/A,N/A,N/A,N/A,N/A,N/A,N/A
3-Sulfinoanaline,N/A,N/A,N/A,N/A,N/A,N/A,N/A,N/A,N/A,N/A,N/A,N/A,N/A,N/A,N/A,N/A
"2,3-Dihydroxybenzoic Acid",N/A,N/A,N/A,N/A,N/A,N/A,N/A,N/A,N/A,N/A,N/A,N/A,N/A,N/A,N/A,N/A
Gentisate,N/A,N/A,N/A,N/A,N/A,N/A,N/A,N/A,N/A,N/A,N/A,N/A,N/A,N/A,N/A,N/A
Orotate,58112,56180,48373,55390,54684,56781,52114,59016,35407,34138,31129,24008,30790,33157,24564,24538
Allantoin,734501,748635,759360,622723,625636,649374,654907,624043,386325,403188,407491,380938,368347,364346,361291,353556
n-isoValerylglycine,53252,54070,49872,36448,42219,39769,37052,39525,N/A,N/A,N/A,N/A,N/A,N/A,N/A,N/A
2-Aminoadipate,91240,84079,80906,78066,76049,73365,80445,74492,30853,34484,28907,27332,29849,27146,28325,31813
Indole-3-Carboxylic Acid,N/A,N/A,N/A,N/A,N/A,N/A,N/A,N/A,114765,120608,133879,110166,137890,144729,142963,134233
Indole-2-Carboxylic Acid,N/A,N/A,N/A,N/A,N/A,N/A,N/A,N/A,32282,37859,42942,35052,30811,31173,48319,39195
3-Methyl-3-Hydroxyglutaric Acid,18305,16220,16265,20119,19857,17277,20693,19203,23279,24331,21867,25081,23278,26872,21865,21178
PPA,N/A,N/A,N/A,N/A,N/A,N/A,N/A,N/A,N/A,N/A,N/A,N/A,N/A,N/A,N/A,N/A
3-Hydroxycinnaminic Acid,N/A,N/A,N/A,N/A,N/A,N/A,N/A,N/A,N/A,N/A,N/A,N/A,N/A,N/A,N/A,N/A
p-Coumaric Acid,N/A,N/A,N/A,N/A,N/A,N/A,N/A,N/A,N/A,N/A,N/A,N/A,N/A,N/A,N/A,N/A
Xylonate,N/A,N/A,N/A,N/A,N/A,N/A,N/A,N/A,N/A,N/A,N/A,N/A,N/A,N/A,N/A,N/A
Phenyllactic Acid,588366,624789,580127,406458,391672,394238,444483,406795,N/A,N/A,N/A,N/A,N/A,N/A,N/A,N/A
3-(4-Hydroxyphenyl)Propionate,590750,602184,581684,500860,503135,495407,485560,518011,103684,106586,105464,88111,76559,76290,98096,89943
Quinolinic Acid,N/A,N/A,N/A,N/A,N/A,N/A,N/A,N/A,N/A,N/A,N/A,N/A,N/A,N/A,N/A,N/A
PEP,N/A,N/A,N/A,N/A,N/A,N/A,N/A,N/A,N/A,N/A,N/A,N/A,N/A,N/A,N/A,N/A
Homogentisate,N/A,N/A,N/A,N/A,N/A,N/A,N/A,N/A,N/A,N/A,N/A,N/A,N/A,N/A,N/A,N/A
Urate,31849105,32090181,31507767,28961950,28468886,29445625,28946924,28290171,13381826,13173257,12693330,10629259,10952504,11081268,10586582,10656143
DHAP/D-GA3P,N/A,N/A,N/A,N/A,N/A,N/A,N/A,N/A,N/A,N/A,N/A,N/A,N/A,N/A,N/A,N/A
Glycerol-3-P,410564,429883,426495,467284,462408,466767,459202,446033,16603990,16262409,16032276,16015936,16664180,16436520,16318751,16226448
trans-Aconitate,N/A,N/A,N/A,N/A,N/A,N/A,N/A,N/A,N/A,N/A,N/A,N/A,N/A,N/A,N/A,N/A
Shikimic Acid,N/A,N/A,N/A,N/A,N/A,N/A,N/A,N/A,N/A,N/A,N/A,N/A,N/A,N/A,N/A,N/A
cis-Aconitate,N/A,N/A,N/A,N/A,N/A,N/A,N/A,N/A,N/A,N/A,N/A,N/A,N/A,N/A,N/A,N/A
Suberic Acid,164968,150829,164712,145851,128794,151396,167409,148220,534446,551275,553147,503920,502725,548898,507390,513743
Indole-3-Acetic Acid,179174,166156,150862,149803,149818,144759,169633,151768,N/A,N/A,N/A,N/A,N/A,N/A,N/A,N/A
Citrulline,8418129,8011542,8035914,7384718,7330303,7320495,7189882,7271280,392679,392824,379925,352887,344457,355934,348329,338085
N-Acetyl-Aspartate (NAA),4645418,4482783,3829024,2275673,2222026,2253996,2219417,2211106,21879497,21320376,21485223,18643632,18491686,18894785,19220250,19398280
Ascorbic Acid (Vit. C),N/A,N/A,N/A,N/A,N/A,N/A,N/A,N/A,N/A,N/A,N/A,N/A,N/A,N/A,N/A,N/A
2-isoPropylmalic Acid,N/A,N/A,N/A,N/A,N/A,N/A,N/A,N/A,N/A,N/A,N/A,N/A,N/A,N/A,N/A,N/A
3-isoPropylmalic Acid,N/A,N/A,N/A,N/A,N/A,N/A,N/A,N/A,N/A,N/A,N/A,N/A,N/A,N/A,N/A,N/A
n-Formylmethionine,47886,41250,44642,39734,39196,39407,34634,36761,N/A,N/A,N/A,N/A,N/A,N/A,N/A,N/A
Hippuric Acid,2598930,2484384,2473264,2016375,2025955,2000137,1979364,1975167,N/A,N/A,N/A,N/A,N/A,N/A,N/A,N/A
Inositol,N/A,N/A,N/A,N/A,N/A,N/A,N/A,N/A,N/A,N/A,N/A,N/A,N/A,N/A,N/A,N/A
Glucose,9517256,9134420,8835686,8175806,8073334,8304770,8153432,8206722,2192908,2118766,2054092,1911684,1944749,1879498,1903112,1922432
Mannose,N/A,N/A,N/A,N/A,N/A,N/A,N/A,N/A,N/A,N/A,N/A,N/A,N/A,N/A,N/A,N/A
Fructose,453301,431028,448662,401827,381514,368215,391042,365624,526851,519837,501251,488140,474451,468298,465164,472256
OH-Phenylpyruvate,N/A,N/A,N/A,N/A,N/A,N/A,N/A,N/A,N/A,N/A,N/A,N/A,N/A,N/A,N/A,N/A
Theophylline,1140037,1085569,1134857,1132037,1107379,1039369,1099327,1054829,N/A,N/A,N/A,N/A,N/A,N/A,N/A,N/A
Sorbitol,228585,220587,210533,227762,233017,235817,229465,232947,889229,901182,914589,956206,928639,892383,898232,884281
Homovanilate,N/A,N/A,N/A,N/A,N/A,N/A,N/A,N/A,N/A,N/A,N/A,N/A,N/A,N/A,N/A,N/A
Mannitol,41134,41517,42883,38104,38895,40351,36188,38372,78443,74775,71715,72007,72751,63072,74973,71274
4-Pyridoxic Acid,674770,643949,665201,565794,567807,551949,548691,559065,N/A,N/A,N/A,N/A,N/A,N/A,N/A,N/A
Phosphoserine,N/A,N/A,N/A,N/A,N/A,N/A,N/A,N/A,183312,195180,192324,191506,186524,187020,193379,187706
2/3-Phosphoglyceric Acid,N/A,N/A,N/A,N/A,N/A,N/A,N/A,N/A,52503,50994,53442,54894,55282,52241,55481,57899
Azelaic Acid,628921,650906,561313,456826,459905,466250,478348,463460,487387,476458,480516,411833,409256,486433,409173,399332
N-Ac-L-Glutamine,N/A,N/A,N/A,N/A,N/A,N/A,N/A,N/A,54174,57681,50995,51204,42412,47906,40924,44010
Kynurenic Acid,2183714,2465941,2502747,2464131,2454400,2440894,2524138,2487437,2980772,3266762,3274661,2666812,2604016,2616335,2605843,2599344
N-Ac-Glutamate,137483,137467,128699,115268,118137,123302,126912,123029,1297562,1252947,1195995,886260,919096,955261,976089,939459
Indole-3-Propionate,264855,266758,282950,244549,246030,228140,242301,234290,N/A,N/A,N/A,N/A,N/A,N/A,N/A,N/A
5-Hydroxyl-Indole-3-Acetic Acid,N/A,N/A,N/A,N/A,N/A,N/A,N/A,N/A,N/A,N/A,N/A,N/A,N/A,N/A,N/A,N/A
N-Ac-Methionine,N/A,N/A,N/A,N/A,N/A,N/A,N/A,N/A,N/A,N/A,N/A,N/A,N/A,N/A,N/A,N/A
Citric Acid,N/A,N/A,N/A,N/A,N/A,N/A,N/A,N/A,N/A,N/A,N/A,N/A,N/A,N/A,N/A,N/A
Glucoronate,534345,519519,525376,403783,354774,353865,347864,325925,184235,182761,192623,136248,136398,133411,129957,137899
4-Hydroxy-3-Nitrophenylacetate,N/A,N/A,N/A,N/A,N/A,N/A,N/A,N/A,N/A,N/A,N/A,N/A,N/A,N/A,N/A,N/A
Vanilmandelic Acid,N/A,N/A,N/A,N/A,N/A,N/A,N/A,N/A,N/A,N/A,N/A,N/A,N/A,N/A,N/A,N/A
Erythrose-4-Phosphate,N/A,N/A,N/A,N/A,N/A,N/A,N/A,N/A,N/A,N/A,N/A,N/A,N/A,N/A,N/A,N/A
Cysteine-S-Sulfate,168814,151908,140304,108970,109322,104251,109141,104885,N/A,N/A,N/A,N/A,N/A,N/A,N/A,N/A
IndolePyruvate,N/A,N/A,N/A,N/A,N/A,N/A,N/A,N/A,N/A,N/A,N/A,N/A,N/A,N/A,N/A,N/A
Xanthurenic Acid,280337,291996,300206,264197,273346,313506,355876,298045,18344656,17858909,17403362,15502939,15324779,15303885,15048794,14890546
Indole-3-Lactate,435815,455393,439052,372664,368356,387602,365043,384851,N/A,N/A,N/A,N/A,N/A,N/A,N/A,N/A
N-Ac-Phenylalanine,N/A,N/A,N/A,N/A,N/A,N/A,N/A,N/A,N/A,N/A,N/A,N/A,N/A,N/A,N/A,N/A
3-Indoxyl Sulfate,5906105,5915031,5685904,4933915,4816315,4763716,4881609,4812448,N/A,N/A,N/A,N/A,N/A,N/A,N/A,N/A
Pantothenate,431660,427674,434678,375539,374273,365412,364734,371822,4588885,4630043,4666694,3859236,3888759,3890812,3798276,3846470
Cystathionine,N/A,N/A,N/A,N/A,N/A,N/A,N/A,N/A,68898,68145,64713,64487,71607,64641,68464,66668
N-Ac-Tyrosine,N/A,N/A,N/A,N/A,N/A,N/A,N/A,N/A,N/A,N/A,N/A,N/A,N/A,N/A,N/A,N/A
Myristic Acid,N/A,N/A,N/A,N/A,N/A,N/A,N/A,N/A,N/A,N/A,N/A,N/A,N/A,N/A,N/A,N/A
Ribose-5-P,N/A,N/A,N/A,N/A,N/A,N/A,N/A,N/A,72511,73009,83332,74424,74764,73201,77410,70619
Ribulose 5-Phosphate,N/A,N/A,N/A,N/A,N/A,N/A,N/A,N/A,90717,85315,84772,67445,75038,80873,82549,74263
Melatonin,52087,50634,43469,33984,29600,35005,38897,35642,N/A,N/A,N/A,N/A,N/A,N/A,N/A,N/A
Tetrahydrobiopterin,N/A,N/A,N/A,N/A,N/A,N/A,N/A,N/A,N/A,N/A,N/A,N/A,N/A,N/A,N/A,N/A
Thymidine,N/A,N/A,N/A,N/A,N/A,N/A,N/A,N/A,N/A,N/A,N/A,N/A,N/A,N/A,N/A,N/A
Pseudouridine,2836914,2913863,2817315,2500872,2520215,2195477,2366144,2287817,110084,110300,118229,115530,104337,97891,102922,106956
Biotin,N/A,N/A,N/A,N/A,N/A,N/A,N/A,N/A,N/A,N/A,N/A,N/A,N/A,N/A,N/A,N/A
N-Ac-Tryptophan,N/A,N/A,N/A,N/A,N/A,N/A,N/A,N/A,N/A,N/A,N/A,N/A,N/A,N/A,N/A,N/A
Pyridoxal-5-P,N/A,N/A,N/A,N/A,N/A,N/A,N/A,N/A,N/A,N/A,N/A,N/A,N/A,N/A,N/A,N/A
Palmitic Acid,321769,331666,343428,331541,340747,329290,341745,324422,67083,67736,67920,84149,85637,81389,77012,64652
5-Methyluridine,155477,147463,153042,162153,154785,148711,157038,153310,N/A,N/A,N/A,N/A,N/A,N/A,N/A,N/A
5-Hydroxymethyl-2'-Deoxyuridine,N/A,N/A,N/A,N/A,N/A,N/A,N/A,N/A,N/A,N/A,N/A,N/A,N/A,N/A,N/A,N/A
Glucosamine-6-Phosphate,N/A,N/A,N/A,N/A,N/A,N/A,N/A,N/A,33051,40483,41223,45951,48063,45506,44579,44765
G6P,N/A,N/A,N/A,N/A,N/A,N/A,N/A,N/A,9342972,9271309,9380733,9450232,9390695,9804131,9512648,9407044
G1P/F1P/F6P,N/A,N/A,N/A,N/A,N/A,N/A,N/A,N/A,1858625,1955077,1848065,1852076,1915283,1918331,1874881,1873174
Phenylacetylglutamine,2056641,2043186,1991791,1993330,2013244,1931226,1920225,1953973,N/A,N/A,N/A,N/A,N/A,N/A,N/A,N/A
MOPEG Sulfate,N/A,N/A,N/A,N/A,N/A,N/A,N/A,N/A,N/A,N/A,N/A,N/A,N/A,N/A,N/A,N/A
Margaric Acid,40586,42459,40306,33269,40494,30094,30462,35535,51576,50096,47648,45808,45337,49343,43474,49120
6-Phosphogluconic Acid,N/A,N/A,N/A,N/A,N/A,N/A,N/A,N/A,N/A,N/A,N/A,N/A,N/A,N/A,N/A,N/A
Linolenic Acid,128997,126899,121967,108527,121295,120924,111925,120350,N/A,N/A,N/A,N/A,N/A,N/A,N/A,N/A
Linoleic Acid,1154583,1132530,1145215,1065062,1017350,1069664,1059646,1042564,63624,66519,68650,54790,56323,56465,60473,57005
Xanthosine,N/A,N/A,N/A,N/A,N/A,N/A,N/A,N/A,151909,161706,152384,156659,154002,155739,159021,168058
Sedoheptulose 7-Phosphate,N/A,N/A,N/A,N/A,N/A,N/A,N/A,N/A,1647026,1638615,1638052,1571604,1571927,1678430,1586064,1554117
Retinoic Acid,N/A,N/A,N/A,N/A,N/A,N/A,N/A,N/A,N/A,N/A,N/A,N/A,N/A,N/A,N/A,N/A
N-Acetyl-Aspartyl-Glutamate (NAAG),28325,24818,26429,27380,30280,30136,26253,31886,N/A,N/A,N/A,N/A,N/A,N/A,N/A,N/A
Arachidonate,2904077,2808721,2818913,2570379,2752772,2597864,2603420,2614556,N/A,N/A,N/A,N/A,N/A,N/A,N/A,N/A
DCMP,N/A,N/A,N/A,N/A,N/A,N/A,N/A,N/A,N/A,N/A,N/A,N/A,N/A,N/A,N/A,N/A
Reduced Glutathione,N/A,N/A,N/A,N/A,N/A,N/A,N/A,N/A,4289973,4286195,4058980,3767153,3768067,3871760,4019969,3883905
DUMP,N/A,N/A,N/A,N/A,N/A,N/A,N/A,N/A,N/A,N/A,N/A,N/A,N/A,N/A,N/A,N/A
N-Acetylneuraminate,377161,342651,355397,320940,317320,324743,334659,315168,N/A,N/A,N/A,N/A,N/A,N/A,N/A,N/A
Geranyl Pyrophosphate,N/A,N/A,N/A,N/A,N/A,N/A,N/A,N/A,N/A,N/A,N/A,N/A,N/A,N/A,N/A,N/A
DTMP,N/A,N/A,N/A,N/A,N/A,N/A,N/A,N/A,N/A,N/A,N/A,N/A,N/A,N/A,N/A,N/A
CMP,N/A,N/A,N/A,N/A,N/A,N/A,N/A,N/A,6889,7099,6826,9505,8639,10229,9727,8923
F16BP/F26BP/G16BP,N/A,N/A,N/A,N/A,N/A,N/A,N/A,N/A,N/A,N/A,N/A,N/A,N/A,N/A,N/A,N/A
Lactose/Trehalose,67133,69854,62091,53418,63000,67526,64474,59288,1956252,2066421,2104192,2185864,2217114,2116212,2029958,2103120
Sucrose,147949,157409,136536,126654,141164,140955,143105,139812,4729988,4963317,4720873,4525406,4521835,4451026,4589403,4519305
cGMP,N/A,N/A,N/A,N/A,N/A,N/A,N/A,N/A,12125,14607,13764,14214,14312,13451,15218,15173
Gibberellin,N/A,N/A,N/A,N/A,N/A,N/A,N/A,N/A,N/A,N/A,N/A,N/A,N/A,N/A,N/A,N/A
AMP,112437,131018,166986,142000,154348,169622,189192,158770,1401995,1457283,1333428,1452596,1456883,1353401,1412026,1462841
IMP,N/A,N/A,N/A,N/A,N/A,N/A,N/A,N/A,214638,200047,190736,180648,183060,179593,171369,168827
PGE,85041,79223,79733,68246,63760,62297,59648,66695,N/A,N/A,N/A,N/A,N/A,N/A,N/A,N/A
Cortisol,N/A,N/A,N/A,N/A,N/A,N/A,N/A,N/A,N/A,N/A,N/A,N/A,N/A,N/A,N/A,N/A
DCDP,N/A,N/A,N/A,N/A,N/A,N/A,N/A,N/A,N/A,N/A,N/A,N/A,N/A,N/A,N/A,N/A
PRPP,N/A,N/A,N/A,N/A,N/A,N/A,N/A,N/A,N/A,N/A,N/A,N/A,N/A,N/A,N/A,N/A
Deoxycholic Acid,51940,48014,47564,46228,43080,44771,41854,46220,N/A,N/A,N/A,N/A,N/A,N/A,N/A,N/A
Chenodeoxycholate,N/A,N/A,N/A,N/A,N/A,N/A,N/A,N/A,N/A,N/A,N/A,N/A,N/A,N/A,N/A,N/A
UDP,N/A,N/A,N/A,N/A,N/A,N/A,N/A,N/A,N/A,N/A,N/A,N/A,N/A,N/A,N/A,N/A
beta-Muricholic Acid,N/A,N/A,N/A,N/A,N/A,N/A,N/A,N/A,N/A,N/A,N/A,N/A,N/A,N/A,N/A,N/A
Cholic Acid,N/A,N/A,N/A,N/A,N/A,N/A,N/A,N/A,N/A,N/A,N/A,N/A,N/A,N/A,N/A,N/A
gamma-Tocopherol,N/A,N/A,N/A,N/A,N/A,N/A,N/A,N/A,N/A,N/A,N/A,N/A,N/A,N/A,N/A,N/A
ADP,N/A,N/A,N/A,N/A,N/A,N/A,N/A,N/A,204145,194318,200376,213265,213823,197865,210959,196898
alpha-Tocopherol,N/A,N/A,N/A,N/A,N/A,N/A,N/A,N/A,N/A,N/A,N/A,N/A,N/A,N/A,N/A,N/A
GDP,N/A,N/A,N/A,N/A,N/A,N/A,N/A,N/A,N/A,N/A,N/A,N/A,N/A,N/A,N/A,N/A
Glycochenodeoxycholate,861870,866116,812949,763000,759250,781468,792326,751991,N/A,N/A,N/A,N/A,N/A,N/A,N/A,N/A
Adenylosuccinate,472033,445724,449208,423179,406785,383049,382777,404371,7253,7157,4860,6517,5142,6664,4776,7085
Glycocholate,30813,29931,29639,26118,26666,27157,27184,25854,N/A,N/A,N/A,N/A,N/A,N/A,N/A,N/A
Cholesteryl Sulfate,2407301,2342138,2273577,1736774,1721539,1729150,1709448,1804932,51742,53069,50987,43998,42202,48082,40478,40597
dCTP,N/A,N/A,N/A,N/A,N/A,N/A,N/A,N/A,N/A,N/A,N/A,N/A,N/A,N/A,N/A,N/A
DUTP,N/A,N/A,N/A,N/A,N/A,N/A,N/A,N/A,N/A,N/A,N/A,N/A,N/A,N/A,N/A,N/A
TTP,N/A,N/A,N/A,N/A,N/A,N/A,N/A,N/A,N/A,N/A,N/A,N/A,N/A,N/A,N/A,N/A
CTP,N/A,N/A,N/A,N/A,N/A,N/A,N/A,N/A,N/A,N/A,N/A,N/A,N/A,N/A,N/A,N/A
DATP,N/A,N/A,N/A,N/A,N/A,N/A,N/A,N/A,N/A,N/A,N/A,N/A,N/A,N/A,N/A,N/A
ATP,N/A,N/A,N/A,N/A,N/A,N/A,N/A,N/A,N/A,N/A,N/A,N/A,N/A,N/A,N/A,N/A
Phosphoadenosine Phosphosulfate,N/A,N/A,N/A,N/A,N/A,N/A,N/A,N/A,N/A,N/A,N/A,N/A,N/A,N/A,N/A,N/A
Tauro-alpha/beta-Muricholic Acid,N/A,N/A,N/A,N/A,N/A,N/A,N/A,N/A,N/A,N/A,N/A,N/A,N/A,N/A,N/A,N/A
Taurocholate,N/A,N/A,N/A,N/A,N/A,N/A,N/A,N/A,N/A,N/A,N/A,N/A,N/A,N/A,N/A,N/A
GTP,N/A,N/A,N/A,N/A,N/A,N/A,N/A,N/A,N/A,N/A,N/A,N/A,N/A,N/A,N/A,N/A
UDP-Glucose,N/A,N/A,N/A,N/A,N/A,N/A,N/A,N/A,1505188,1487297,1478741,1549769,1622160,1563683,1590130,1557591
UDP-GlcNAc,N/A,N/A,N/A,N/A,N/A,N/A,N/A,N/A,529184,530440,523498,483069,472872,476719,467275,459164
Oxidized Glutathione,N/A,N/A,N/A,N/A,N/A,N/A,N/A,N/A,3309147,3763907,3445617,3360956,3537725,3559551,3537064,3500446
NADH,N/A,N/A,N/A,N/A,N/A,N/A,N/A,N/A,N/A,N/A,N/A,N/A,N/A,N/A,N/A,N/A
NADP,N/A,N/A,N/A,N/A,N/A,N/A,N/A,N/A,N/A,N/A,N/A,N/A,N/A,N/A,N/A,N/A
3C13-Glycine,311859,289931,320716,288745,280320,294454,293323,292019,N/A,N/A,N/A,N/A,N/A,N/A,N/A,N/A
4C13-Alanine,3218322,3258271,3250942,3053781,3112428,2930819,3110452,2961788,N/A,N/A,N/A,N/A,N/A,N/A,N/A,N/A
2C13-Choline,42708036,41100956,41888484,37006200,35804280,35492886,34559102,34312132,N/A,N/A,N/A,N/A,N/A,N/A,N/A,N/A
4C13-Serine,3333570,3428938,3368717,3144115,3189191,3190215,3137938,3177046,N/A,N/A,N/A,N/A,N/A,N/A,N/A,N/A
d3-Creatinine,27974523,28183069,28425390,25245409,25287367,25303879,25206490,25234600,N/A,N/A,N/A,N/A,N/A,N/A,N/A,N/A
6C13-Proline,7808119,7651160,7643753,6675717,6870044,6827461,7010990,6784400,N/A,N/A,N/A,N/A,N/A,N/A,N/A,N/A
6C13-Valine,1644206,1625375,1670432,1622667,1680715,1700186,1701660,1638670,N/A,N/A,N/A,N/A,N/A,N/A,N/A,N/A
5C13-Threonine,3578486,3373197,3531270,3308524,3377632,3174326,3241579,3212194,N/A,N/A,N/A,N/A,N/A,N/A,N/A,N/A
5C13-Aspartic Acid,4494675,4559696,4466644,4351866,4602061,4373381,4412410,4209424,N/A,N/A,N/A,N/A,N/A,N/A,N/A,N/A
6C13-Asparagine,4363265,4435566,4362266,4059405,3923010,4043148,3938527,3876898,N/A,N/A,N/A,N/A,N/A,N/A,N/A,N/A
7C13-Leucine,19562762,19628123,19777295,16048897,16692708,16303025,16150131,15979167,N/A,N/A,N/A,N/A,N/A,N/A,N/A,N/A
7C13-iso-Leucine,2552251,2621880,2343080,2159328,2146646,2207291,2147815,2153506,N/A,N/A,N/A,N/A,N/A,N/A,N/A,N/A
2C13-Glutamic acid,20958773,21046515,20566629,19696220,19992774,19450047,20146441,19164481,N/A,N/A,N/A,N/A,N/A,N/A,N/A,N/A
7C13-Glutamine,13102226,12758950,13033823,12371918,12212901,11876453,12117940,11454983,N/A,N/A,N/A,N/A,N/A,N/A,N/A,N/A
6C13-Glutamic acid,14246919,15173893,14798587,14277692,13778917,13994690,14041461,13710628,N/A,N/A,N/A,N/A,N/A,N/A,N/A,N/A
8C13-Lysine,30572006,30726402,31303941,28715792,29680153,29065114,29684647,28720836,N/A,N/A,N/A,N/A,N/A,N/A,N/A,N/A
6C13-Methionine,1072848,1066244,1096445,984591,949532,986191,951726,960664,N/A,N/A,N/A,N/A,N/A,N/A,N/A,N/A
9C13-Histidine,5148086,5101256,4913054,4484604,4594037,4799438,4738538,4533222,N/A,N/A,N/A,N/A,N/A,N/A,N/A,N/A
10C13-Phenylalanine,9441595,9188745,9500347,7591863,7849935,7619564,7601441,7418810,N/A,N/A,N/A,N/A,N/A,N/A,N/A,N/A
2C13-Tyrosine,2260273,2138179,2286045,1961731,1798092,1861787,1881209,1890894,7579039,7758273,7815286,7109670,7188033,6984205,6911762,7025481
10C13-Arginine,63993960,63596602,64864722,60054048,62020631,62487660,61355745,58494931,N/A,N/A,N/A,N/A,N/A,N/A,N/A,N/A
10C13-Tyrosine,386298,410038,414101,334455,339878,339484,327179,299980,N/A,N/A,N/A,N/A,N/A,N/A,N/A,N/A
13C13-Tryptophan,6919935,7083466,7092983,5783019,6035456,5724608,5708267,5708754,N/A,N/A,N/A,N/A,N/A,N/A,N/A,N/A
8C13-Cystine,716416,720382,711413,680199,767066,756041,753012,700948,N/A,N/A,N/A,N/A,N/A,N/A,N/A,N/A
11C13-Uridine,379379,364577,376302,347203,349321,341898,357071,343402,N/A,N/A,N/A,N/A,N/A,N/A,N/A,N/A
3C13-Lactate,15537204,15634553,15679431,15018130,15323143,15571907,15551786,15462795,30729078,31161486,31412727,28286148,28316741,28411884,28619304,28221144
4C13-3HBA,13880657,13889206,13827476,12354538,12502032,12710259,12065480,12140587,N/A,N/A,N/A,N/A,N/A,N/A,N/A,N/A
2N15-Xanthine,2419953,2426199,2442889,1991956,1974524,2001291,2007628,1976377,N/A,N/A,N/A,N/A,N/A,N/A,N/A,N/A
2N15-Urate,15843714,15562092,15460613,14044756,13953135,14003318,13649098,13682729,N/A,N/A,N/A,N/A,N/A,N/A,N/A,N/A
1C13-Citrulline,3683915,3653499,3682456,3280974,3290695,3290596,3190091,3288188,N/A,N/A,N/A,N/A,N/A,N/A,N/A,N/A
6C13-Glucose,3388408,3284100,3121096,3048562,2997622,2999856,2987144,2942514,N/A,N/A,N/A,N/A,N/A,N/A,N/A,N/A
4C13-Pentothenate,3681049,3637301,3656758,3232835,3156307,3101494,3110414,3118826,N/A,N/A,N/A,N/A,N/A,N/A,N/A,N/A